{"FIGR_HELOC": 1776190096.9621656, "CC": 1776224071.5539236, "BNB": 1776318995.3496642, "XMR": 1776261580.0717297, "WBT": 1776273396.8244517, "XRP-USD": 1776293583.923268, "LINK-USD": 1776293583.923268, "LTC-USD": 1776293583.923268, "NEAR-USD": 1776293583.923268, "BTC": 1776318995.3496642, "ETH": 1776318995.3496642, "SOL": 1776318995.3496642, "XRP": 1776318995.3496642, "AVAX": 1776318995.3496642, "LINK": 1776318995.3496642, "LTC": 1776318995.3496642, "NEAR": 1776318995.3496642, "SUI": 1776318995.3496642, "RENDER": 1776306493.4698439, "INJ": 1776318995.3496642, "STX": 1776318995.3496642, "PEPE": 1776318995.3496642, "SHIB": 1776318995.3496642, "ADA": 1776318995.3496642, "POL": 1776318995.3496642}