{
  "FIGR_HELOC": 1776190096.9621656,
  "CC": 1776224071.5539236,
  "BNB": 1776246316.7029414,
  "XMR": 1776261580.0717297,
  "WBT": 1776273396.8244517,
  "XRP-USD": 1776293583.923268,
  "LINK-USD": 1776293583.923268,
  "LTC-USD": 1776293583.923268,
  "NEAR-USD": 1776293583.923268
}