{"FIGR_HELOC": 1776190096.9621656, "CC": 1776224071.5539236, "BNB": 1776359064.5565555, "XMR": 1776261580.0717297, "WBT": 1776273396.8244517, "XRP-USD": 1776293583.923268, "LINK-USD": 1776293583.923268, "LTC-USD": 1776293583.923268, "NEAR-USD": 1776293583.923268, "BTC": 1776359064.5565555, "ETH": 1776359064.5565555, "SOL": 1776359064.5565555, "XRP": 1776359064.5565555, "AVAX": 1776359064.5565555, "LINK": 1776359064.5565555, "LTC": 1776359064.5565555, "NEAR": 1776359064.5565555, "SUI": 1776359064.5565555, "RENDER": 1776306493.4698439, "INJ": 1776359064.5565555, "STX": 1776359064.5565555, "PEPE": 1776359064.5565555, "SHIB": 1776359064.5565555, "ADA": 1776359064.5565555, "POL": 1776359064.5565555, "DOT": 1776359064.5565555, "FET": 1776359064.5565555}