{"FIGR_HELOC": 1776190096.9621656, "CC": 1776224071.5539236}