{"FIGR_HELOC": 1776190096.9621656, "CC": 1776224071.5539236, "BNB": 1776336936.1316726, "XMR": 1776261580.0717297, "WBT": 1776273396.8244517, "XRP-USD": 1776293583.923268, "LINK-USD": 1776293583.923268, "LTC-USD": 1776293583.923268, "NEAR-USD": 1776293583.923268, "BTC": 1776336936.1316726, "ETH": 1776336936.1316726, "SOL": 1776336936.1316726, "XRP": 1776336936.1316726, "AVAX": 1776336936.1316726, "LINK": 1776336936.1316726, "LTC": 1776336936.1316726, "NEAR": 1776336936.1316726, "SUI": 1776336936.1316726, "RENDER": 1776306493.4698439, "INJ": 1776336936.1316726, "STX": 1776336936.1316726, "PEPE": 1776336936.1316726, "SHIB": 1776336936.1316726, "ADA": 1776336936.1316726, "POL": 1776336936.1316726, "DOT": 1776336936.1316726}