{"FIGR_HELOC": 1776190096.9621656, "CC": 1776224071.5539236, "BNB": 1776330585.266968, "XMR": 1776261580.0717297, "WBT": 1776273396.8244517, "XRP-USD": 1776293583.923268, "LINK-USD": 1776293583.923268, "LTC-USD": 1776293583.923268, "NEAR-USD": 1776293583.923268, "BTC": 1776330585.266968, "ETH": 1776330585.266968, "SOL": 1776330585.266968, "XRP": 1776330585.266968, "AVAX": 1776330585.266968, "LINK": 1776330585.266968, "LTC": 1776330585.266968, "NEAR": 1776330585.266968, "SUI": 1776330585.266968, "RENDER": 1776306493.4698439, "INJ": 1776330585.266968, "STX": 1776330585.266968, "PEPE": 1776330585.266968, "SHIB": 1776330585.266968, "ADA": 1776330585.266968, "POL": 1776330585.266968, "DOT": 1776330585.266968}