{"FIGR_HELOC": 1776190096.9621656, "CC": 1776224071.5539236, "BNB": 1776324211.605316, "XMR": 1776261580.0717297, "WBT": 1776273396.8244517, "XRP-USD": 1776293583.923268, "LINK-USD": 1776293583.923268, "LTC-USD": 1776293583.923268, "NEAR-USD": 1776293583.923268, "BTC": 1776324211.605316, "ETH": 1776324211.605316, "SOL": 1776324211.605316, "XRP": 1776324211.605316, "AVAX": 1776324211.605316, "LINK": 1776324211.605316, "LTC": 1776324211.605316, "NEAR": 1776324211.605316, "SUI": 1776324211.605316, "RENDER": 1776306493.4698439, "INJ": 1776324211.605316, "STX": 1776324211.605316, "PEPE": 1776324211.605316, "SHIB": 1776324211.605316, "ADA": 1776324211.605316, "POL": 1776324211.605316}