{"FIGR_HELOC": 1776190096.9621656, "CC": 1776224071.5539236, "BNB": 1776306493.4698439, "XMR": 1776261580.0717297, "WBT": 1776273396.8244517, "XRP-USD": 1776293583.923268, "LINK-USD": 1776293583.923268, "LTC-USD": 1776293583.923268, "NEAR-USD": 1776293583.923268, "BTC": 1776306493.4698439, "ETH": 1776306493.4698439, "SOL": 1776306493.4698439, "XRP": 1776306493.4698439, "AVAX": 1776306493.4698439, "LINK": 1776306493.4698439, "LTC": 1776306493.4698439, "NEAR": 1776306493.4698439, "SUI": 1776306493.4698439, "RENDER": 1776306493.4698439, "INJ": 1776306493.4698439, "STX": 1776306493.4698439, "PEPE": 1776306493.4698439, "SHIB": 1776306493.4698439}