{"FIGR_HELOC": 1776190096.9621656, "CC": 1776224071.5539236, "BNB": 1776350690.8728912, "XMR": 1776261580.0717297, "WBT": 1776273396.8244517, "XRP-USD": 1776293583.923268, "LINK-USD": 1776293583.923268, "LTC-USD": 1776293583.923268, "NEAR-USD": 1776293583.923268, "BTC": 1776350690.8728912, "ETH": 1776350690.8728912, "SOL": 1776350690.8728912, "XRP": 1776350690.8728912, "AVAX": 1776350690.8728912, "LINK": 1776350690.8728912, "LTC": 1776350690.8728912, "NEAR": 1776350690.8728912, "SUI": 1776350690.8728912, "RENDER": 1776306493.4698439, "INJ": 1776350690.8728912, "STX": 1776350690.8728912, "PEPE": 1776350690.8728912, "SHIB": 1776350690.8728912, "ADA": 1776350690.8728912, "POL": 1776350690.8728912, "DOT": 1776350690.8728912}