{"FIGR_HELOC": 1776190096.9621656, "CC": 1776224071.5539236, "BNB": 1776246316.7029414, "XMR": 1776261580.0717297}