{"FIGR_HELOC": 1776190096.9621656, "CC": 1776224071.5539236, "BNB": 1776382387.2422488, "XMR": 1776261580.0717297, "WBT": 1776273396.8244517, "XRP-USD": 1776293583.923268, "LINK-USD": 1776293583.923268, "LTC-USD": 1776293583.923268, "NEAR-USD": 1776293583.923268, "BTC": 1776382387.2422488, "ETH": 1776382387.2422488, "SOL": 1776382387.2422488, "XRP": 1776382387.2422488, "AVAX": 1776363763.693988, "LINK": 1776382387.2422488, "LTC": 1776382387.2422488, "NEAR": 1776363763.693988, "SUI": 1776363763.693988, "RENDER": 1776306493.4698439, "INJ": 1776363763.693988, "STX": 1776363763.693988, "PEPE": 1776363763.693988, "SHIB": 1776363763.693988, "ADA": 1776363763.693988, "POL": 1776363763.693988, "DOT": 1776382387.2422488, "FET": 1776363763.693988, "TON": 1776382387.2422488, "TRX": 1776382387.2422488, "XLM": 1776382387.2422488}