{"FIGR_HELOC": 1776190096.9621656, "CC": 1776224071.5539236, "BNB": 1776344892.6140268, "XMR": 1776261580.0717297, "WBT": 1776273396.8244517, "XRP-USD": 1776293583.923268, "LINK-USD": 1776293583.923268, "LTC-USD": 1776293583.923268, "NEAR-USD": 1776293583.923268, "BTC": 1776344892.6140268, "ETH": 1776344892.6140268, "SOL": 1776344892.6140268, "XRP": 1776344892.6140268, "AVAX": 1776344892.6140268, "LINK": 1776344892.6140268, "LTC": 1776344892.6140268, "NEAR": 1776344892.6140268, "SUI": 1776344892.6140268, "RENDER": 1776306493.4698439, "INJ": 1776344892.6140268, "STX": 1776344892.6140268, "PEPE": 1776344892.6140268, "SHIB": 1776344892.6140268, "ADA": 1776344892.6140268, "POL": 1776344892.6140268, "DOT": 1776344892.6140268}